{"stats":{"minecraft:mined":{"create:zinc_ore":63,"miners_delight:wild_cave_carrots":137,"create:deepslate_zinc_ore":17,"minecraft:tuff":11,"spelunkery:tangle_roots":1,"oreganized:silver_ore":1,"farmersdelight:wild_carrots":5,"caverns_and_chasms:fragile_deepslate":1,"minecraft:potted_dead_bush":1,"upgrade_aquatic:embedded_ammonite":4,"minecraft:granite":5,"minecraft:allium":1,"twigs:twig":11,"minecraft:kelp":2,"minecraft:spawner":1,"woodworks:birch_chest":1,"minecraft:tall_seagrass":1,"farmersdelight:wild_onions":13,"minecraft:redstone_ore":6,"minecraft:furnace":8,"minecraft:iron_ore":20,"minecraft:deepslate_iron_ore":50,"minecraft:stone":126,"minecraft:deepslate_redstone_ore":11,"environmental:tall_cattail":10,"quark:nether_brick_chest":1,"minecraft:crafting_table":8,"minecraft:torch":2,"environmental:cattail":4,"atmospheric:rosewood_leaves":7,"spelunkery:mushgloom":6,"woodworks:oak_chest":1,"minecraft:copper_ore":127,"raspberry:clovers":2,"minecraft:wall_torch":1,"minecraft:deepslate_copper_ore":21,"supplementaries:urn":10,"caverns_and_chasms:fragile_stone":9,"minecraft:chain":3,"minecraft:coarse_dirt":11,"farmersdelight:cutting_board":1,"raspberry:deepslate_gravel":1,"minecraft:stone_brick_stairs":1,"minecraft:grass":8,"minecraft:coal_ore":220,"minecraft:oak_log":39,"minecraft:gravel":7,"minecraft:sand":24,"minecraft:dirt":11,"minecraft:cobweb":20,"atmospheric:rosewood_log":37,"minecraft:smooth_basalt":1,"minecraft:stone_bricks":1,"minecraft:polished_andesite":4,"spelunkery:rough_lazurite_block":119,"minecraft:netherrack":2,"oreganized:deepslate_silver_ore":1,"minecraft:deepslate":16,"minecraft:fern":1},"minecraft:dropped":{"minecraft:crafting_table":1,"minecraft:stick":48,"minecraft:kelp":2,"minecraft:rotten_flesh":8,"raspberry:deepslate_gravel":3,"farmersdelight:straw":1,"supplementaries:ash":5,"minecraft:arrow":2},"minecraft:killed":{"aquaculture:bluegill":3,"caverns_and_chasms:deeper":8,"minecraft:spider":5,"minecraft:skeleton":12,"minecraft:drowned":3,"savage_and_ravage:creepie":8,"aquaculture:carp":1,"minecraft:bat":1,"minecraft:creeper":4,"minecraft:zombie":34,"minecraft:cow":1},"minecraft:broken":{"minecraft:wooden_pickaxe":1,"minecraft:wooden_axe":1},"minecraft:crafted":{"minecraft:oak_planks":20,"minecraft:raw_iron":1,"minecraft:stone_shovel":1,"supplementaries:sack":2,"incubation:fried_egg":2,"farmersdelight:canvas":18,"minecraft:furnace":2,"twigs:twig":4,"minecraft:glass":24,"spelunkery:portal_fluid_bottle":2,"minecraft:raw_copper":4,"minecraft:stone_pickaxe":2,"minecraft:bundle":4,"minecraft:cooked_beef":1,"minecraft:glass_bottle":3,"minecraft:crafting_table":2,"farmersdelight:flint_knife":1,"minecraft:wooden_pickaxe":1,"farmersdelight:egg_sandwich":1,"minecraft:copper_ingot":23,"minecraft:air":0,"spelunkery:coal_lump":40,"farmersdelight:cutting_board":1,"minecraft:stick":60,"minecraft:flint":2,"minecraft:iron_ingot":35,"minecraft:iron_pickaxe":1,"minecraft:stone_sword":1,"minecraft:wooden_axe":1,"minecraft:torch":108,"minecraft:shears":1},"minecraft:custom":{"minecraft:mob_kills":80,"minecraft:interact_with_crafting_table":13,"minecraft:leave_game":2,"minecraft:time_since_death":92171,"minecraft:sprint_one_cm":218234,"minecraft:walk_one_cm":316399,"minecraft:drop":10,"minecraft:play_time":92171,"minecraft:sneak_time":1877,"minecraft:walk_under_water_one_cm":11174,"minecraft:jump":1234,"minecraft:walk_on_water_one_cm":9594,"minecraft:total_world_time":101263,"minecraft:interact_with_furnace":33,"minecraft:pot_flower":1,"minecraft:time_since_rest":92171,"minecraft:damage_absorbed":130,"minecraft:damage_taken":1040,"minecraft:damage_dealt":11784,"minecraft:swim_one_cm":27052,"minecraft:fly_one_cm":173294,"minecraft:open_chest":4,"minecraft:crouch_one_cm":4823,"minecraft:fall_one_cm":25962},"minecraft:used":{"neapolitan:strawberries":28,"minecraft:stone_sword":212,"raspberry:deepslate_gravel":1,"minecraft:stone_shovel":23,"minecraft:netherrack":2,"minecraft:torch":132,"minecraft:dirt":20,"farmersdelight:flint_knife":150,"minecraft:allium":29,"minecraft:tuff":11,"minecraft:granite":5,"minecraft:wooden_axe":119,"minecraft:stone_brick_stairs":1,"minecraft:stone_bricks":1,"minecraft:smooth_basalt":1,"farmersdelight:cutting_board":1,"minecraft:furnace":8,"minecraft:cooked_beef":1,"minecraft:golden_axe":4,"spelunkery:mushgloom":6,"minecraft:stone_pickaxe":696,"minecraft:polished_andesite":4,"minecraft:wooden_pickaxe":150,"atmospheric:rosewood_log":5,"farmersdelight:onion":4,"minecraft:crafting_table":8,"minecraft:glistering_melon_slice":2,"minecraft:flower_pot":1,"minecraft:apple":1,"minecraft:iron_pickaxe":25,"spelunkery:tangle_roots":1,"farmersdelight:egg_sandwich":1},"minecraft:picked_up":{"minecraft:crafting_table":8,"spelunkery:tangle_roots":1,"minecraft:allium":29,"minecraft:flower_pot":1,"minecraft:prismarine_shard":1,"quark:nether_brick_chest":1,"minecraft:stone_brick_stairs":1,"minecraft:chain":3,"farmersdelight:cutting_board":1,"minecraft:string":30,"minecraft:raw_copper":153,"kubejs:raw_ammonite":4,"spelunkery:raw_copper_nugget":44,"minecraft:cobbled_deepslate":38,"minecraft:beef":1,"farmersdelight:straw":50,"minecraft:furnace":8,"minecraft:egg":2,"minecraft:stick":48,"minecraft:raw_iron":80,"atmospheric:rosewood_sapling":5,"minecraft:copper_ingot":1,"minecraft:torch":27,"spelunkery:raw_magnetite_nugget":12,"minecraft:carrot":6,"atmospheric:rosewood_log":35,"kubejs:dwarf_geode":12,"minecraft:arrow":12,"minecraft:rotten_flesh":45,"spelunkery:coal_lump":5,"farmersdelight:onion":13,"miners_delight:bat_wing":1,"supplementaries:ash":5,"minecraft:cobblestone":132,"aquaculture:fish_bones":2,"environmental:cattail_seeds":5,"minecraft:leather":3,"minecraft:potato":1,"oreganized:raw_silver":2,"spelunkery:rough_cinnabar":21,"minecraft:flint":20,"minecraft:tuff":11,"create:raw_zinc":83,"minecraft:oak_log":39,"raspberry:deepslate_gravel":4,"minecraft:gunpowder":17,"create:copper_nugget":3,"minecraft:dirt":20,"spelunkery:rough_lazurite_block":119,"minecraft:bone":21,"minecraft:apple":1,"minecraft:stone_bricks":1,"minecraft:kelp":2,"kubejs:cloth_scrap":25,"minecraft:rabbit_hide":5,"quark:soul_bead":1,"twigs:twig":22,"minecraft:smooth_basalt":1,"spelunkery:mushgloom":6,"minecraft:gravel":6,"minecraft:sand":24,"minecraft:dead_bush":1,"minecraft:spider_eye":1,"neapolitan:strawberries":77,"minecraft:polished_andesite":4,"minecraft:pumpkin_seeds":4,"minecraft:slime_ball":1,"minecraft:granite":5,"minecraft:oak_sapling":4,"minecraft:netherrack":2,"minecraft:coal":219}},"DataVersion":3120}