{
  "raspberryflavoured:furnace": {
    "criteria": {
      "Place down Furnace": "2025-07-21 22:07:14 +0300"
    },
    "done": true
  },
  "raspberryflavoured:dimensional_tears": {
    "criteria": {
      "0": "2025-07-21 22:09:09 +0300"
    },
    "done": true
  },
  "raspberryflavoured:ceramic_shears": {
    "criteria": {
      "0": "2025-07-21 22:18:58 +0300"
    },
    "done": true
  },
  "raspberryflavoured:pickaxe": {
    "criteria": {
      "0": "2025-07-21 21:53:18 +0300"
    },
    "done": true
  },
  "raspberryflavoured:all_discs": {
    "criteria": {
      "LudoCrypt - scour": "2025-07-21 22:25:57 +0300"
    },
    "done": false
  },
  "raspberryflavoured:raw_iron": {
    "criteria": {
      "0": "2025-07-21 22:24:34 +0300"
    },
    "done": true
  },
  "raspberryflavoured:cloth": {
    "criteria": {
      "0": "2025-07-21 22:16:16 +0300"
    },
    "done": true
  },
  "raspberryflavoured:knife": {
    "criteria": {
      "0": "2025-07-21 22:08:46 +0300"
    },
    "done": true
  },
  "toms_storage:unlock_glowstone": {
    "criteria": {
      "inv_changed-glowstone": "2025-07-21 21:52:53 +0300"
    },
    "done": true
  },
  "raspberryflavoured:tech_root": {
    "criteria": {
      "0": "2025-07-21 21:54:45 +0300"
    },
    "done": true
  },
  "raspberryflavoured:gems": {
    "criteria": {
      "Obtain Rough Cinnabar, Rough Diamond or Rough Quartz": "2025-07-21 22:25:57 +0300"
    },
    "done": false
  },
  "raspberryflavoured:sack": {
    "criteria": {
      "0": "2025-07-21 22:51:44 +0300"
    },
    "done": true
  },
  "raspberryflavoured:hunting_root": {
    "criteria": {
      "0": "2025-07-21 21:53:18 +0300"
    },
    "done": true
  },
  "raspberryflavoured:straw": {
    "criteria": {
      "0": "2025-07-21 22:11:42 +0300"
    },
    "done": true
  },
  "raspberryflavoured:all_wood": {
    "criteria": {
      "Obtain Rosewood Log": "2025-07-21 22:03:12 +0300",
      "Obtain Oak Log": "2025-07-21 21:52:53 +0300"
    },
    "done": false
  },
  "toms_storage:unlock_chest": {
    "criteria": {
      "inv_changed-chest": "2025-07-21 21:52:53 +0300"
    },
    "done": true
  },
  "toms_storage:unlock_netherite": {
    "criteria": {
      "inv_changed-netherite": "2025-07-21 21:52:53 +0300"
    },
    "done": true
  },
  "raspberryflavoured:bundle": {
    "criteria": {
      "0": "2025-07-21 22:19:04 +0300"
    },
    "done": true
  },
  "raspberryflavoured:silver": {
    "criteria": {
      "0": "2025-07-21 23:18:32 +0300"
    },
    "done": true
  },
  "toms_storage:unlock_dia_pearl": {
    "criteria": {
      "inv_changed-ender_pearl": "2025-07-21 21:52:53 +0300",
      "inv_changed-diamond": "2025-07-21 21:52:53 +0300"
    },
    "done": true
  },
  "raspberryflavoured:ruined_portal": {
    "criteria": {
      "Find a Ruined Portal": "2025-07-21 21:59:20 +0300"
    },
    "done": true
  },
  "raspberryflavoured:cutting_board": {
    "criteria": {
      "0": "2025-07-21 22:19:00 +0300"
    },
    "done": true
  },
  "raspberryflavoured:root": {
    "criteria": {
      "0": "2025-07-21 21:49:51 +0300"
    },
    "done": true
  },
  "raspberryflavoured:iron_pick": {
    "criteria": {
      "0": "2025-07-21 22:56:38 +0300"
    },
    "done": true
  },
  "raspberryflavoured:farming_root": {
    "criteria": {
      "1": "2025-07-21 21:53:11 +0300"
    },
    "done": true
  },
  "raspberryflavoured:all_crops": {
    "criteria": {
      "Obtain Onion": "2025-07-21 22:27:20 +0300",
      "Obtain Potato": "2025-07-21 23:02:08 +0300",
      "Obtain Strawberries": "2025-07-21 22:01:39 +0300",
      "Obtain Wheat": "2025-07-21 22:26:23 +0300",
      "Obtain Apple": "2025-07-21 21:54:26 +0300",
      "Obtain Kelp": "2025-07-21 22:04:52 +0300",
      "Obtain Carrot": "2025-07-21 22:02:36 +0300"
    },
    "done": false
  },
  "raspberryflavoured:all_metals": {
    "criteria": {
      "Obtain Iron Ingot": "2025-07-21 22:56:30 +0300",
      "Obtain Copper Ingot": "2025-07-21 22:08:49 +0300"
    },
    "done": false
  },
  "raspberryflavoured:dwarf_geode": {
    "criteria": {
      "0": "2025-07-21 22:26:23 +0300"
    },
    "done": true
  },
  "raspberryflavoured:obsidian": {
    "criteria": {
      "0": "2025-07-21 22:09:07 +0300"
    },
    "done": true
  },
  "raspberryflavoured:copper_pick": {
    "criteria": {
      "0": "2025-07-21 22:08:51 +0300"
    },
    "done": true
  },
  "DataVersion": 3120
}